t_id,title,slug,nb_responses,nb_views,lifecycle,last_response_date,klaviyo_list_id,createdAt,updatedAt,investor_id,tc_id
1d18a61b-f3e2-4030-afa2-4b788e8d4bc2,je ne comprends pas pourquoi √ßa ne marche pas v,je-ne-comprends-pas-pourquoi-ca-ne-marche-pas-v,1,126,0,1706265635372,,1706265635302,1710239804721,4f418cc7-b179-4092-83cd-f2a92aec3b54,5
ffa8a538-2d25-4eac-91b1-6b04ec7f1ed2,A la recherche d‚Äôun PER ,a-la-recherche-dun-per,1,589,0,1697554810887,,1697554810828,1710239804598,3be77388-dc57-47cc-b86d-bf44123c2288,2
f3a995d7-a38b-4924-800a-43976e6ac432,Diversifier mon portefeuille ?,diversifier-mon-portefeuille,7,592,0,1701792919645,,1697554811745,1712112787753,3be77388-dc57-47cc-b86d-bf44123c2288,3
f80c243e-3421-4027-a97a-2b4f7d1d3006,bonjour je teste une discussion,bonjour-je-teste-une-discussion,1,165,0,1705507463138,,1705507463113,1710239804918,43330f13-5abf-4087-9ccd-531e760b3481,2
67780a02-85ca-4760-844f-da33693b41a7,Investir dans le vin : Bonne ou mauvaise id√©e,investir-dans-le-vin-bonne-ou-mauvaise-idee,2,510,0,1697554811022,,1697554810934,1710239804849,3be77388-dc57-47cc-b86d-bf44123c2288,3
525a363c-9f1f-486c-8b83-a81bd051ba21,Question Assurance Vie et fonds euros,question-assurance-vie-et-fonds-euros,2,518,0,1697554811708,,1697554811656,1710239804713,3be77388-dc57-47cc-b86d-bf44123c2288,0
8be29ff6-1d71-44bb-96d1-9507a6fd7241,aucune id√©e de ce qui se passe,aucune-idee-de-ce-qui-se-passe,1,126,0,1706263402005,,1706263401936,1710239804735,4f418cc7-b179-4092-83cd-f2a92aec3b54,1
976a63d2-ab77-4d9f-b8e1-f722fbbe69aa,BonjourJe suis Arthur,bonjourje-suis-arthur,1,126,0,1706265761987,,1706265761910,1710239804794,4f418cc7-b179-4092-83cd-f2a92aec3b54,11
c0e913f1-52c7-45f9-aa4b-9a95d778abb6,Test test,test-test,1,163,0,1705500773287,,1705500773242,1710239804592,4f418cc7-b179-4092-83cd-f2a92aec3b54,2
c6f9d76c-4df1-44dd-b407-fc05c56a05d3,bonjour je test,bonjour-je-test,6,252,0,1712766543357,,1705510067881,1715367987543,49741bd0-6b46-4b73-9e2a-533cdad2bf6a,3
d05c674d-0ad9-48a9-a2c6-a689bd23f066,Kilian Mbapp√© est le meilleur joueur actuellement ?,kilian-mbappe-est-le-meilleur-joueur-actuellement,2,167,0,1705507730072,,1705507565392,1710239804644,43330f13-5abf-4087-9ccd-531e760b3481,3
c62328d8-02f6-4b7c-bf82-6114ec888624,"Bonjour, je suis en train de cr√©er un sujet",bonjour-je-suis-en-train-de-creer-un-sujet,3,116,0,1706782455946,,1706782435721,1710408756445,4f418cc7-b179-4092-83cd-f2a92aec3b54,2
93c34c65-e73b-4024-a086-f13e916e7174,salut,salut,7,176,0,1705507293891,,1705505819323,1711392740881,4f418cc7-b179-4092-83cd-f2a92aec3b54,2
f9fd2070-d936-4787-bf5d-4488f8ce5fd1,spd,spd,1,163,0,1705500859179,,1705500859148,1710239804812,4f418cc7-b179-4092-83cd-f2a92aec3b54,1
df13b797-ba13-4dbd-907d-35816ee9af9e,kolo,kolo,1,126,0,1706263857355,,1706263857318,1712765761108,4f418cc7-b179-4092-83cd-f2a92aec3b54,3
80e6f5c4-a342-4aac-ab10-3919a1bfdedf,Publier un nouveau sujet,publier-un-nouveau-sujet,1,8,0,1709831427368,,1709831427381,1710239810338,4f418cc7-b179-4092-83cd-f2a92aec3b54,4
4cac1762-2366-4193-a339-be56fb78da82,"Investir dans une place de parking, avis ?",investir-dans-une-place-de-parking-avis,5,613,0,1697554811320,,1697554811059,1710434542308,c90f2ecf-70c7-403c-bf9e-cde7f0627652,1
63b7e734-7961-49f0-ba06-d07107970c32,Re test pour un produit li√©,re-test-pour-un-produit-lie,3,319,0,1704987821481,,1702385213150,1710239804684,4f418cc7-b179-4092-83cd-f2a92aec3b54,2
34219477-f517-4469-b5f0-8866cfe60909,Bonjour je ckzlzaln jrnenej ejejeje,bonjour-je-ckzlzaln-jrnenej-ejejeje,1,42,0,1707413676446,,1707413676382,1710239804839,4f418cc7-b179-4092-83cd-f2a92aec3b54,4
78b3fcd9-2cde-4d2a-8ef8-159189e7cdeb,je ne comprends pas pourquoi ca ne marche pasb,je-ne-comprends-pas-pourquoi-ca-ne-marche-pasb,1,126,0,1706265703130,,1706265703035,1710250409872,4f418cc7-b179-4092-83cd-f2a92aec3b54,2
504dbc54-a718-42a7-b425-88c7a0ce857a,Bonjour je suis daccord,bonjour-je-suis-daccord,1,130,0,1706262874070,,1706262874008,1712766515735,4f418cc7-b179-4092-83cd-f2a92aec3b54,2
2da3968b-2092-4e7a-b9db-08f71b656cbb,Bonjour la zonelelelellsllsls,bonjour-la-zonelelelellsllsls,2,21,0,1709915596664,,1709834104468,1710350505320,4f418cc7-b179-4092-83cd-f2a92aec3b54,5
cf6a813c-27b5-4cd3-be07-b87a5566ec33,slslsl,slslsl,1,171,0,1705502600828,,1705502600775,1710239804814,4f418cc7-b179-4092-83cd-f2a92aec3b54,4
347942b7-4dd7-4b7c-ba14-15a433fc9f6c,Bonjour je ne sais pas pourquoi le tirie,bonjour-je-ne-sais-pas-pourquoi-le-tirie,1,126,0,1706264820001,,1706264819923,1710239804583,4f418cc7-b179-4092-83cd-f2a92aec3b54,4
fee0ab1a-6cba-4e89-add2-37b65b7a75cc,Des livres √† conseiller sur la bourse ? ,des-livres-a-conseiller-sur-la-bourse,4,512,0,1697554810783,,1697554810545,1710497979099,3be77388-dc57-47cc-b86d-bf44123c2288,4
c4674858-b1d6-4e53-85fc-1d5d3f29d646,Bonjour mpabb√©,bonjour-mpabbe,1,125,0,1706264731720,,1706264731645,1710239804660,4f418cc7-b179-4092-83cd-f2a92aec3b54,5
7ff668c8-514b-42a8-9b9a-4f80934995b9,milka haribo le beau le,milka-haribo-le-beau-le,1,1,0,1709893825890,,1709893825810,1709893825892,4f418cc7-b179-4092-83cd-f2a92aec3b54,10
549a2d0d-7e6c-4097-ba2c-7f3083a805f0,Salut je cr,salut-je-cr,2,161,0,1706292018260,,1706265807775,1712765952717,4f418cc7-b179-4092-83cd-f2a92aec3b54,3
671c3520-144e-4415-8a6c-0569bb9da0fa,Bonjour la zonr,bonjour-la-zonr,1,7,0,1709834048431,,1709834048378,1710239804816,4f418cc7-b179-4092-83cd-f2a92aec3b54,5
ebe39bb3-5fd9-47ad-8ba0-47bc541844a5,Bonjoru testshjszhzhzhz,bonjoru-testshjszhzhzhz,1,90,0,1709303191587,,1709303191542,1710342493914,4f418cc7-b179-4092-83cd-f2a92aec3b54,9
a055f327-fd1f-4d89-b94c-ffff0c760b2e,Bonjour je suis aler ijehfu√©ndoiazdaijdopiajzp,bonjour-je-suis-aler-ijehfuendoiazdaijdopiajzp,1,1,0,1709834435032,,1709834434982,1709834435032,4f418cc7-b179-4092-83cd-f2a92aec3b54,6
cd118c2e-cf7f-4144-817e-8681757a29a0,milka haribo,milka-haribo,1,1,0,1709893564947,,1709893564898,1709893564948,4f418cc7-b179-4092-83cd-f2a92aec3b54,10
b0d978d7-5565-4260-8a86-b663a75dbdf0,milka haribo le beau le la,milka-haribo-le-beau-le-la,1,1,0,1709893973353,,1709893973261,1709893973354,4f418cc7-b179-4092-83cd-f2a92aec3b54,10
90b41648-3d47-4a2f-b43d-af428ac567c4,milka haribo le beau le lalo,milka-haribo-le-beau-le-lalo,1,1,0,1709894082321,,1709894082272,1709894082322,4f418cc7-b179-4092-83cd-f2a92aec3b54,10
b3daaf76-93de-4012-afce-46ee1dc3e67a,kakaka milka,kakaka-milka,1,1,0,1709894233261,,1709894233224,1709894233262,4f418cc7-b179-4092-83cd-f2a92aec3b54,2
6c63343f-f323-42fa-b05a-e8e705a5a2ad,szalalalal mila,szalalalal-mila,0,1,0,1709894471109,,1709894471006,1709894471006,4f418cc7-b179-4092-83cd-f2a92aec3b54,6
d3412f4c-e4eb-4cc0-abcf-61ccd2971db1,szalalalal milaaaaaa,szalalalal-milaaaaaa,1,1,0,1709894523470,,1709894523416,1709894523471,4f418cc7-b179-4092-83cd-f2a92aec3b54,6
5e62dac2-9733-4b9a-9900-872ac8491eed,slalal ldlelz lzalala,slalal-ldlelz-lzalala,1,1,0,1709901242804,,1709901242746,1709901242805,4f418cc7-b179-4092-83cd-f2a92aec3b54,10
023ef640-743e-476e-a3c5-bfe38b08608e,slzlzlzlzlzljzj,slzlzlzlzlzljzj,1,1,0,1709901768992,,1709901768939,1709901768993,4f418cc7-b179-4092-83cd-f2a92aec3b54,9
6b85b25c-d00f-4d4f-9564-9311f8b8f288,slzlzlzlzlzljzjaa,slzlzlzlzlzljzjaa,1,1,0,1709902143053,,1709902142998,1709902143054,4f418cc7-b179-4092-83cd-f2a92aec3b54,9
7dd0a6ad-e432-417d-97b9-0f3e407ab823,Bonjour les amis jecris ajdn naklr lakznela nk,bonjour-les-amis-jecris-ajdn-naklr-lakznela-nk,1,1,0,1709902530343,,1709902530308,1709902530343,4f418cc7-b179-4092-83cd-f2a92aec3b54,3
02d74915-40f4-49d1-a8b5-811c099955a5,Bonjour les amis la zone esta,bonjour-les-amis-la-zone-esta,1,1,0,1709907513480,,1709907513427,1709907513481,4f418cc7-b179-4092-83cd-f2a92aec3b54,3
7f87d8bc-1675-4091-bfe4-647fbc1305b6,Bonjour les amis jecris ajdn naklr lakzneabcd,bonjour-les-amis-jecris-ajdn-naklr-lakzneabcd,1,1,0,1709903505386,,1709903505324,1709903505388,4f418cc7-b179-4092-83cd-f2a92aec3b54,3
10a3d6d0-8b1f-4308-ae4b-3228854fa55c,Bonjour les amis jecris ajdn naklr lakznefr,bonjour-les-amis-jecris-ajdn-naklr-lakznefr,1,1,0,1709903952758,,1709903952694,1709903952760,4f418cc7-b179-4092-83cd-f2a92aec3b54,3
31dd35fc-3c68-4003-88fc-9c3c1d11a20f,Bonjour la zonelelelellsllslszlzll,bonjour-la-zonelelelellsllslszlzll,1,1,0,1709834401758,,1709834401689,1709834401759,4f418cc7-b179-4092-83cd-f2a92aec3b54,5
ae74641e-03da-4ae4-907d-2ebeda3340be,milka cest bon en chocol,milka-cest-bon-en-chocol,1,1,0,1709893290374,,1709893290343,1709893290376,4f418cc7-b179-4092-83cd-f2a92aec3b54,1
5ec69c50-7978-40d9-8d49-d02dc96429d2,milka haribo le beau,milka-haribo-le-beau,1,1,0,1709893798472,,1709893798419,1709893798474,4f418cc7-b179-4092-83cd-f2a92aec3b54,10
43c1dfcb-6699-4073-a863-7ccb39984734,milka haribo le beau le l,milka-haribo-le-beau-le-l,1,1,0,1709893923960,,1709893923916,1709893923962,4f418cc7-b179-4092-83cd-f2a92aec3b54,10
cdc94fac-f38c-48e6-ada0-0c0e781a8cb1,milka haribo le beau le lal,milka-haribo-le-beau-le-lal,1,1,0,1709894015773,,1709894015707,1709894015776,4f418cc7-b179-4092-83cd-f2a92aec3b54,10
0d4138bb-1ee4-40f3-9f9a-a1613bc814fa,milka haribo le beau le laloo,milka-haribo-le-beau-le-laloo,1,1,0,1709894165499,,1709894165433,1709894165500,4f418cc7-b179-4092-83cd-f2a92aec3b54,10
9b0915ae-85c8-49ba-add3-57da72b675c4,kakaka milkaaaa,kakaka-milkaaaa,1,1,0,1709894302484,,1709894302395,1709894302487,4f418cc7-b179-4092-83cd-f2a92aec3b54,2
c8bd018c-9b08-4c4f-9000-c900ed737d1b,szalalalal milaaaaa,szalalalal-milaaaaa,1,1,0,1709894493777,,1709894493731,1709894493779,4f418cc7-b179-4092-83cd-f2a92aec3b54,6
47da5c94-c3b7-43c0-bb32-cb469b7dc077,slalalala bonjour lala,slalalala-bonjour-lala,1,1,0,1709894887036,,1709894887002,1709894887037,4f418cc7-b179-4092-83cd-f2a92aec3b54,4
0c119da6-354c-4905-9c3d-abcfdef2df7f,slalal ldlelz lzalalaa,slalal-ldlelz-lzalalaa,1,1,0,1709901337152,,1709901337083,1709901337153,4f418cc7-b179-4092-83cd-f2a92aec3b54,10
7822a42f-d84b-4325-8e91-3881f731e711,slzlzlzlzlzljzja,slzlzlzlzlzljzja,1,1,0,1709901976031,,1709901975980,1709901976033,4f418cc7-b179-4092-83cd-f2a92aec3b54,9
8ea38db0-5df9-4447-b22e-b11ee80c3278,slzlzlzlzlzljzjaaa,slzlzlzlzlzljzjaaa,1,1,0,1709902240262,,1709902240209,1709902240264,4f418cc7-b179-4092-83cd-f2a92aec3b54,9
e6edf6be-25d9-48e9-9392-33fc20ae9bbc,je ne sias pas pq,je-ne-sias-pas-pq,1,125,0,1706263801764,,1706263801694,1710239812588,4f418cc7-b179-4092-83cd-f2a92aec3b54,1
c3236f4e-cdd9-465c-96bb-aa3b4458729f,Bonjour les amis jecris ajdn naklr lakznela nko,bonjour-les-amis-jecris-ajdn-naklr-lakznela-nko,1,1,0,1709902687195,,1709902687152,1709902687197,4f418cc7-b179-4092-83cd-f2a92aec3b54,3
22dc9c62-8059-4a08-88f0-0938c4e07da7,Bonjour les amis jecris ajdn naklr lakzne,bonjour-les-amis-jecris-ajdn-naklr-lakzne,1,1,0,1709902755229,,1709902755191,1709902755230,4f418cc7-b179-4092-83cd-f2a92aec3b54,3
7f668324-3f50-4a7b-8244-f0fdea850843,Bonjour les amis jecris ajdn naklr lakznea,bonjour-les-amis-jecris-ajdn-naklr-lakznea,1,1,0,1709902789517,,1709902789470,1709902789518,4f418cc7-b179-4092-83cd-f2a92aec3b54,3
dcb33ec1-0af2-42ae-b7b9-8f90a483745b,Bonjour les amis jecris ajdn naklr lakzneab,bonjour-les-amis-jecris-ajdn-naklr-lakzneab,1,1,0,1709903028967,,1709903028915,1709903028969,4f418cc7-b179-4092-83cd-f2a92aec3b54,3
d51f7f7b-50f7-4cfc-a996-a9c214fbbb44,Bonjour les amis jecris ajdn naklr lakzneabc,bonjour-les-amis-jecris-ajdn-naklr-lakzneabc,1,1,0,1709903054506,,1709903054454,1709903054509,4f418cc7-b179-4092-83cd-f2a92aec3b54,3
c2cabbaf-9eee-45b6-91c6-2f839f9f96be,Bonjour les amis jecris ajdn naklr lakznef,bonjour-les-amis-jecris-ajdn-naklr-lakznef,1,1,0,1709905051622,,1709905051553,1709905051623,4f418cc7-b179-4092-83cd-f2a92aec3b54,3
d8ecf12f-f3b9-429f-a3ce-66439a460ca4,Bonjour les amis jecris ajdn naklr lakzng,bonjour-les-amis-jecris-ajdn-naklr-lakzng,1,1,0,1709905118125,,1709905118070,1709905118127,4f418cc7-b179-4092-83cd-f2a92aec3b54,3
322e22fb-c635-4baf-a029-9fe9951e15c3,Bonjour les amis jecris ajdn naklr lak,bonjour-les-amis-jecris-ajdn-naklr-lak,1,1,0,1709905154982,,1709905154941,1709905154984,4f418cc7-b179-4092-83cd-f2a92aec3b54,3
0ef44747-6013-438d-995d-ce3c537fb9a6,Arthur je suis en trian de,arthur-je-suis-en-trian-de,1,67,0,1707217193647,,1707217193600,1710239811394,4f418cc7-b179-4092-83cd-f2a92aec3b54,3
0ae77dc9-d872-40f3-9d93-687662978feb,Bonjour les amis jecris ajdn naklr laks,bonjour-les-amis-jecris-ajdn-naklr-laks,1,1,0,1709905177789,,1709905177748,1709905177791,4f418cc7-b179-4092-83cd-f2a92aec3b54,3
714fd1a0-9cb6-47f1-9942-0a37675c95ed,bonjour,bonjour,2,197,0,1707415301971,,1705500325776,1710408656405,4f418cc7-b179-4092-83cd-f2a92aec3b54,2
b0c01574-ec4b-45ee-95bc-2e0c23980752,Bonjour les amis jecris ajdn naklr lakss,bonjour-les-amis-jecris-ajdn-naklr-lakss,1,1,0,1709905198849,,1709905198805,1709905198850,4f418cc7-b179-4092-83cd-f2a92aec3b54,3
f6308d08-5797-4518-83a3-109e465a5de9,Bonjour les amis la zone est bien,bonjour-les-amis-la-zone-est-bien,1,1,0,1709906732508,,1709906732465,1709906732509,4f418cc7-b179-4092-83cd-f2a92aec3b54,3
b59482e5-ea4f-4c91-a868-04fe11bcef52,Bonjour les amis la zone est bienee,bonjour-les-amis-la-zone-est-bienee,1,1,0,1709906768327,,1709906768248,1709906768328,4f418cc7-b179-4092-83cd-f2a92aec3b54,3
c11f0d67-a0ee-4d76-a2e3-a922ad871997,Bonjour les amis la zone est bieneee,bonjour-les-amis-la-zone-est-bieneee,1,1,0,1709907031353,,1709907031312,1709907031354,4f418cc7-b179-4092-83cd-f2a92aec3b54,3
3499fb5e-db51-4efc-ba43-aaa31c6a470c,Bonjour les amis la zone est bieneeet,bonjour-les-amis-la-zone-est-bieneeet,1,1,0,1709907052803,,1709907052766,1709907052804,4f418cc7-b179-4092-83cd-f2a92aec3b54,3
88762bef-d4a3-4339-9147-eb4d0f9e9d3d,Bonjour les amis la zone est e,bonjour-les-amis-la-zone-est-e,1,1,0,1709907094555,,1709907094502,1709907094556,4f418cc7-b179-4092-83cd-f2a92aec3b54,3
7ac38c79-11dd-43f6-9210-a8b7041ef1ad,Bonjour les amis la zone est efg,bonjour-les-amis-la-zone-est-efg,1,1,0,1709907192093,,1709907192056,1709907192095,4f418cc7-b179-4092-83cd-f2a92aec3b54,3
aebbb4e9-12b0-43cf-bfe3-7a1de3de0019,Bonjour les amis la zone est efgh,bonjour-les-amis-la-zone-est-efgh,1,1,0,1709907222316,,1709907222238,1709907222317,4f418cc7-b179-4092-83cd-f2a92aec3b54,3
12096de4-a71e-42b2-b24c-a23b9690e778,Bonjour les amis la zone est efghaa,bonjour-les-amis-la-zone-est-efghaa,1,1,0,1709907322478,,1709907322429,1709907322479,4f418cc7-b179-4092-83cd-f2a92aec3b54,3
5359eacd-5032-4327-80a4-d1bf9d125088,Bonjour les amis la zone est efgha,bonjour-les-amis-la-zone-est-efgha,1,1,0,1709907381880,,1709907381833,1709907381880,4f418cc7-b179-4092-83cd-f2a92aec3b54,3
a9c5e7f9-e529-4b3c-90aa-01a0a63b5f9a,Bonjour les amis la zone estab,bonjour-les-amis-la-zone-estab,1,1,0,1709907613047,,1709907613003,1709907613047,4f418cc7-b179-4092-83cd-f2a92aec3b54,3
2de0d377-7b20-4c29-83c2-5a0741d0c0a0,Bonjour les amis la zone estabieno,bonjour-les-amis-la-zone-estabieno,1,1,0,1709907989960,,1709907989911,1709907989960,4f418cc7-b179-4092-83cd-f2a92aec3b54,3
d007d445-27af-40a8-9bda-3b69db1f9d50,Bonjour les amis la zone estabienol,bonjour-les-amis-la-zone-estabienol,1,1,0,1709908078592,,1709908078557,1709908078593,4f418cc7-b179-4092-83cd-f2a92aec3b54,3
24c656d2-2ea3-4302-8dc0-7a40a6d292cd,Bonjour les amis la zone estabienollo,bonjour-les-amis-la-zone-estabienollo,1,1,0,1709908146641,,1709908146597,1709908146642,4f418cc7-b179-4092-83cd-f2a92aec3b54,3
38c426ce-00f9-4524-a719-f41caecff8d9,Bonjour les amis la zone estabienollolo,bonjour-les-amis-la-zone-estabienollolo,1,1,0,1709908177345,,1709908177296,1709908177346,4f418cc7-b179-4092-83cd-f2a92aec3b54,3
707601bf-8740-4cc3-a321-dca3bbad8191,Bonjour les amis la zone estabienollololalao,bonjour-les-amis-la-zone-estabienollololalao,1,1,0,1709908361638,,1709908361583,1709908361639,4f418cc7-b179-4092-83cd-f2a92aec3b54,3
b8d20be1-9247-406b-9717-dfdbd64f6126,Premier test de sujet avev email,premier-test-de-sujet-avev-email,1,1,0,1709908448180,,1709908448143,1709908448181,4f418cc7-b179-4092-83cd-f2a92aec3b54,3
7c2a70ff-257e-4b38-b3e5-749086c7e2b0,SCPI Iroko vs Sofidynamic,scpi-iroko-vs-sofidynamic,1,1,0,1709909998940,,1709909998886,1709909998941,4f418cc7-b179-4092-83cd-f2a92aec3b54,3
3dcc7f78-50fe-4023-8581-35eacbd36aa9,Assurance vie en gestion libre disponible ?,assurance-vie-en-gestion-libre-disponible,1,1,0,1709911045746,,1709911045687,1709911045747,4f418cc7-b179-4092-83cd-f2a92aec3b54,5
13d880d2-7448-4e4b-8a9c-8aff25b025fd,"Assurance-vie, quels sont les meilleurs packs ?",assurance-vie-quels-sont-les-meilleurs-packs,1,1,0,1709911170517,,1709911170432,1709911170518,4f418cc7-b179-4092-83cd-f2a92aec3b54,5
0aa8a006-cba6-4c35-aea2-c934cdb7b51f,Compte √† terme ou livret d'√©pargne ?,compte-a-terme-ou-livret-depargne,1,1,0,1709911299937,,1709911299886,1709911299938,4f418cc7-b179-4092-83cd-f2a92aec3b54,5
17bf8a5a-e70b-4602-9d87-c75c16efc908,Compte √† terme ou livret d'√©pargnee ?,compte-a-terme-ou-livret-depargnee,1,1,0,1709912303964,,1709912303915,1709912303965,4f418cc7-b179-4092-83cd-f2a92aec3b54,5
e8351deb-6130-4c53-9c9a-81e56e9b6b47,Compte √† terme ou livret d'√©pargnol ?,compte-a-terme-ou-livret-depargnol,1,1,0,1709912392696,,1709912392657,1709912392697,4f418cc7-b179-4092-83cd-f2a92aec3b54,5
4fa2f3e0-c4b2-48e0-afc9-c8802fd067df,Compte √† terme ou livret d'√©pargnolll ?,compte-a-terme-ou-livret-depargnolll,1,1,0,1709913186754,,1709913186712,1709913186755,4f418cc7-b179-4092-83cd-f2a92aec3b54,5
bcc14179-dd75-48e3-862e-32fb8a10cbec,SCPI Sofidynamic parts sponsors vs SCPI Iroko zen,scpi-sofidynamic-parts-sponsors-vs-scpi-iroko-zen,1,1,0,1709914827444,,1709914827383,1709914827449,4f418cc7-b179-4092-83cd-f2a92aec3b54,5
8e7b7566-30ee-4bc5-9a30-c09b76cfbfbc,Bonjour la zonelelelel,bonjour-la-zonelelelel,1,7,0,1709834084283,,1709834084191,1710239818268,4f418cc7-b179-4092-83cd-f2a92aec3b54,5
950c0683-59ea-4247-91b9-46294e5ddd67,je ne comprends pas je jure,je-ne-comprends-pas-je-jure,1,125,0,1706264704619,,1706264704529,1710239818836,4f418cc7-b179-4092-83cd-f2a92aec3b54,1
8db650b5-5b28-4e30-83a9-b924d160c295,Sofidynamic parts sponsors en nue-prori√©t√©,sofidynamic-parts-sponsors-en-nue-proriete,1,19,0,1709916248042,,1709916247993,1718331426521,4f418cc7-b179-4092-83cd-f2a92aec3b54,5
8627cd6b-8099-4102-9916-a700f5b9e5e8,Comptes √† termes ou Assurance-vie ?,comptes-a-termes-ou-assurance-vie,12,665,0,1705509525123,,1697554811357,1718720148739,3be77388-dc57-47cc-b86d-bf44123c2288,2
e4b753ca-6a5b-4d3a-9108-24b420390559,Jecris uefnz kzlenrj√©e kzsekjdn√© i,jecris-uefnz-kzlenrjee-kzsekjdne-i,1,15,0,1709920035140,Um86iw,1709920035082,1710250359500,4f418cc7-b179-4092-83cd-f2a92aec3b54,1
2324d20b-ea5a-4df1-82f4-ebd8aad00871,Parts sponsors la street kkals,parts-sponsors-la-street-kkals,1,13,0,1709831514185,,1709831514151,1712732469162,4f418cc7-b179-4092-83cd-f2a92aec3b54,5
60c256bf-887b-42e7-9c51-1e53ab75a839,J'√©cris un nouveau titre simple et efficace,jecris-un-nouveau-titre-simple-et-efficace,1,161,0,1705500843119,,1705500843061,1710239818231,4f418cc7-b179-4092-83cd-f2a92aec3b54,4
62de07aa-4e06-4338-9520-7a6011e60445,üó≥Ô∏è Votez pour l‚Äôassurance-vie du 3√®me trimestre !,-votez-pour-lassurance-vie-du-3eme-trimestre,1,6,0,1720441238664,XM9kRz,1720441238625,1720603557493,09e97cec-844b-43d3-9d4f-26b396383697,14
4f6720e9-8831-49e4-8566-c3659e15672b,SCPI fiscalit√© au sein d'une assurance-vie 6,scpi-fiscalite-au-sein-dune-assurance-vie-6,1,28,0,1710248452717,U32nF3,1710248452669,1710343216061,4f418cc7-b179-4092-83cd-f2a92aec3b54,5
17966d5f-e86a-4950-bb36-ff97338e665d,SCPI en assurance-vie quelle fiscalit√© 2 ?,scpi-en-assurance-vie-quelle-fiscalite-2,1,14,0,1710176379125,SsgzbV,1710176379102,1710258443393,4f418cc7-b179-4092-83cd-f2a92aec3b54,2
32f120c4-ecad-4e3d-997e-e4fb5b8ac7bc,Cashback 4% la belle vie sans campagne,cashback-4-la-belle-vie-sans-campagne,1,1,0,1712823780392,W437y8,1712823780320,1712823785791,4f418cc7-b179-4092-83cd-f2a92aec3b54,3
b5af094a-f60e-4d25-8cd5-f044bda4242a,Test j'√©cris un sujet pour li√© un produit,test-jecris-un-sujet-pour-lie-un-produit,1,309,0,1702375968004,,1702375967953,1710247778574,4f418cc7-b179-4092-83cd-f2a92aec3b54,2
52df23a1-741f-475b-84e0-ff7be8382471,Cashback 4% la belle vie 2,cashback-4-la-belle-vie-2,1,2,0,1712586558065,WRY7MD,1712586557960,1712766051013,1cff7a65-5c94-460b-a623-97d4711d2112,3
03346b07-5025-47c4-b319-ecf5e076d23d,SCPI fiscalit√© au sein d'une assurance-vie,scpi-fiscalite-au-sein-dune-assurance-vie,1,6,0,1710246725824,RtJc4k,1710246725771,1718368673392,4f418cc7-b179-4092-83cd-f2a92aec3b54,5
c176337b-3f51-49a8-bba4-a4c7fb4a899b,SCPI fiscalit√© au sein d'une assurance-vie 3,scpi-fiscalite-au-sein-dune-assurance-vie-3,1,34,0,1710247297557,Yw5Hw2,1710247297493,1712822212477,4f418cc7-b179-4092-83cd-f2a92aec3b54,5
ee79c769-2b47-4cb6-aa66-aa28bd0594e3,Besoin d'avis sur une SCPI,besoin-davis-sur-une-scpi,1,8,0,1713434974319,XnM3kV,1713434974294,1714405437386,1cff7a65-5c94-460b-a623-97d4711d2112,5
528e18b9-5a5a-43b3-8ebe-f10dc013b9a6,cashback la bellevie nan,cashback-la-bellevie-nan,1,9,0,1712649148093,XbsAsu,1712649148063,1712880938798,4f418cc7-b179-4092-83cd-f2a92aec3b54,3
8ca07401-7c3a-4a93-aceb-d5325d0c23d5,Cashback 4% la belle vie 10,cashback-4-la-belle-vie-10,1,409,0,1712676065769,YAiqNy,1712676065700,1712766104002,4f418cc7-b179-4092-83cd-f2a92aec3b54,3
34dfcacb-bae9-4b16-9acd-3d8e87074fc3,Cashback 4% la belle vie ?,cashback-4-la-belle-vie,0,1,0,1712586519262,,1712586519247,1712586519247,1cff7a65-5c94-460b-a623-97d4711d2112,3
68debd3e-012c-4ba3-87ad-1b19f1e341b3,Cashback 4% la belle vie sans campagne 2,cashback-4-la-belle-vie-sans-campagne-2,1,1,0,1712823966140,SqV6mc,1712823966023,1712823971652,4f418cc7-b179-4092-83cd-f2a92aec3b54,3
c1e3c814-9f49-4e50-a51f-6bab1e9d9f0a,SCPI fiscalit√© au sein d'une assurance-vie5,scpi-fiscalite-au-sein-dune-assurance-vie5,1,11,0,1710248025137,RB6Gxy,1710248025091,1710351077221,4f418cc7-b179-4092-83cd-f2a92aec3b54,5
9f88d1c8-b6aa-4ea8-b0ea-15d91e750835,lalalalalalalalla produit la zone,lalalalalalalalla-produit-la-zone,7,41,0,1712594555449,TEqGkj,1711104326449,1714692726656,4f418cc7-b179-4092-83cd-f2a92aec3b54,2
1b956e1c-0696-42b0-b81b-753b48380353,SCPI en assurance-vie quelle fiscalit√© ?,scpi-en-assurance-vie-quelle-fiscalite,1,10,0,1710174066351,W93QNx,1710174066314,1710257489863,4f418cc7-b179-4092-83cd-f2a92aec3b54,2
a0d8a47e-203e-4d12-aa22-681f8e302fe8,Cashback 4% la belle vie 678,cashback-4-la-belle-vie-678,1,8,0,1712765400229,UHQynK,1712765400154,1713072788784,4f418cc7-b179-4092-83cd-f2a92aec3b54,3
98381d9b-824f-41ec-a4a0-f61f2ba37126,SCPI fiscalit√© au sein d'une assurance-vie7,scpi-fiscalite-au-sein-dune-assurance-vie7,1,16,0,1710248731734,Y9cbRY,1710248731685,1710408253239,4f418cc7-b179-4092-83cd-f2a92aec3b54,5
b7bac408-358d-419d-a3a1-8e4117821c12,Test 2 ¬∑ Le retour de la balise<br> contre Chewbacca,test-2-le-retour-de-la-balisebr-contre-chewbacca,1,9,0,1712926839931,XGD9u8,1712926839905,1712927103024,49741bd0-6b46-4b73-9e2a-533cdad2bf6a,11
028639ec-8d61-4fda-901d-cbb2a06695ae,SCPI fiscalit√© au sein d'une assurance-vie 8,scpi-fiscalite-au-sein-dune-assurance-vie-8,1,7,0,1710249373922,Vqieq3,1710249373881,1710257749947,4f418cc7-b179-4092-83cd-f2a92aec3b54,5
387a2819-b587-46da-bc28-f974b2f380cf,Cashback 4% la belle vie sans campagne 5,cashback-4-la-belle-vie-sans-campagne-5,1,5,0,1712824065157,TLLW2y,1712824065050,1713131104162,4f418cc7-b179-4092-83cd-f2a92aec3b54,3
ca474308-5f89-434d-b6c7-4e019cb56249,Cashback 4% la belle vie sans campagne 4,cashback-4-la-belle-vie-sans-campagne-4,1,1,0,1712824056753,Ws7DbQ,1712824056638,1712824057365,4f418cc7-b179-4092-83cd-f2a92aec3b54,3
ae8268df-3daa-4767-877d-20afb39738a2,SCPI fiscalit√© au sein d'une assurance-vie4,scpi-fiscalite-au-sein-dune-assurance-vie4,1,9,0,1710247725307,RNQHrK,1710247724907,1710497412995,4f418cc7-b179-4092-83cd-f2a92aec3b54,5
34e405ef-fe3e-4983-88b9-7c4a461705a2,Avis sur les formations payantes ?,avis-sur-les-formations-payantes,3,527,0,1697554811626,,1697554811491,1710497427813,3be77388-dc57-47cc-b86d-bf44123c2288,2
b68a69eb-71aa-4d73-aa8d-049f1413a6c0,Cashback 4% la belle vie sans campagne 3,cashback-4-la-belle-vie-sans-campagne-3,1,2,0,1712823999942,SigPRh,1712823999786,1712842698871,4f418cc7-b179-4092-83cd-f2a92aec3b54,3
af43b56f-cf8f-4865-a42b-220dac317cd2,Cashback 4% la belle vie 67,cashback-4-la-belle-vie-67,1,1,0,1712823383278,RzywQx,1712823383191,1712823388602,4f418cc7-b179-4092-83cd-f2a92aec3b54,3
ca4119ce-c105-4202-a882-0d8da3a9dcf4,Cashback 4% la belle vie 5,cashback-4-la-belle-vie-5,1,3,0,1712675785914,XaT4T4,1712675785852,1712766519263,4f418cc7-b179-4092-83cd-f2a92aec3b54,3
0b737244-3782-4a96-827c-f3c61f742d5e,Test de le mapsodef,test-de-le-mapsodef,1,4,0,1712926687066,WSdQ2J,1712926687037,1712926877727,49741bd0-6b46-4b73-9e2a-533cdad2bf6a,11
b829cf25-347d-4484-bbeb-2aeba7a1b0fe,"Bonjour, je suis Arthur comment allez-vous ?",bonjour-je-suis-arthur-comment-allez-vous,5,24,0,1710255464509,Wwx4My,1710253478207,1712842706449,4f418cc7-b179-4092-83cd-f2a92aec3b54,5
48ecb59a-d283-4ebc-8221-42c9ee64b31a,Ne faites rien,aire-qipoi,1,17,0,1712925771637,VPsZFi,1712925771607,1720098428984,49741bd0-6b46-4b73-9e2a-533cdad2bf6a,11
74f2c1ea-70e4-4e3f-b9cb-9f0f00f557c9,Publier un nouveau sujet 2,publier-un-nouveau-sujet-2,14,219,0,1710758731579,RVCdQ6,1710249644020,1715367595734,4f418cc7-b179-4092-83cd-f2a92aec3b54,5
5ef42896-1f38-4a2b-8e46-6e9313d2bf21,üó≥Ô∏è Votez et cr√©ez l'assurance-vie de vos r√™ves !,-votez-et-creez-lassurance-vie-de-vos-reves,1,38,0,1712927295785,RY8HuL,1712927295631,1716972241811,49741bd0-6b46-4b73-9e2a-533cdad2bf6a,11
918e37f5-ff5e-41db-b60a-fcccb20fa3f3,Cashback 4% la belle vie 15,cashback-4-la-belle-vie-15,1,47,0,1712764956558,Y6A4x8,1712764956484,1713072732410,4f418cc7-b179-4092-83cd-f2a92aec3b54,3
0399f495-9074-42b0-b31c-315901b2dac2,[ROADMAP]¬†- Suivi des avanc√©es,roadmap-suivi-des-avancees,1,12,0,1712921646856,VH2ZnU,1712921646832,1716972254354,49741bd0-6b46-4b73-9e2a-533cdad2bf6a,13