product_id,p_name,p_subname,p_slug,p_creation_date,p_last_update_date,p_risk_indicator,p_recommended_horizon,available_pp,available_pm,rating,rating_repartition,reviews_nb,programmed_payment_available,programmed_payment_minimum_monthly,programmed_payment_minimum_quarterly,programmed_payment_minimum_biannually,programmed_payment_minimum_annually,is_free_management,p_lifecycle_id,createdAt,p_category_id,p_category,p_category_slug,seller_id,seller_slug,company_name
60bcee36-f36e-4013-a2d7-951f6d7f78b4,Atout Pierre Diversification,,atout-pierre-diversification,2020-01-01,2022-01-01,3,96,true,true,2,"0,0,0,0,0",85,false,,,,,false,2,Mon Oct 23 2023 11:22:30 GMT+0200 (heure d’été d’Europe centrale),0,SCPI,scpi,198114f3-a409-46a6-9b77-928201600ab6,test-flavien,Test · Flavien
e49ec45b-371d-4c2b-a20a-2a94a4630031,Epargne Pierre,,epargne-pierre,2019-01-01,2021-01-01,3,96,true,true,4,"0,0,0,0,0",37,false,,,,,false,2,Mon Jul 31 2023 16:54:16 GMT+0200 (heure d’été d’Europe centrale),0,SCPI,scpi,c9a0ec6f-2d70-4f66-967e-a535ccb988c2,bnp-paribas-reim,BNP Paribas REIM
21c05fcb-dc84-408e-89ad-0474255ecf3a,Atream Hôtels,,atream-hotels,2019-01-01,2021-01-01,3,96,true,true,5,"0,0,0,0,1",1,false,,,,,false,2,Mon Jul 31 2023 16:54:17 GMT+0200 (heure d’été d’Europe centrale),0,SCPI,scpi,c9a0ec6f-2d70-4f66-967e-a535ccb988c2,bnp-paribas-reim,BNP Paribas REIM
f1d51fa4-7cd1-4852-90e2-e5c5c498467b,Rivoli Avenir Patrimoine,,rivoli-avenir-patrimoine,2020-01-01,2022-01-01,3,96,true,true,2,"0,0,0,0,0",93,false,,,,,false,2,Mon Oct 23 2023 11:22:32 GMT+0200 (heure d’été d’Europe centrale),0,SCPI,scpi,198114f3-a409-46a6-9b77-928201600ab6,test-flavien,Test · Flavien
85acb10b-3c56-4bf6-8a72-b325892c130f,Upeka,,upeka,2001-01-01,2001-01-01,3,96,true,true,2,"0,0,0,0,0",66,false,,,,,false,2,Mon Nov 06 2023 17:18:14 GMT+0100 (heure normale d’Europe centrale),0,SCPI,scpi,d9a0ec6f-2d70-4f67-967e-a535ccb988c2,test-flavien,Test · Flavien
c163b0e7-983a-44a7-81c5-fda50269b5c4,Immorente,,immorente,2019-01-01,2021-01-01,3,96,true,true,5,"0,0,0,0,1",1,false,,,,,false,2,Mon Jul 31 2023 16:54:10 GMT+0200 (heure d’été d’Europe centrale),0,SCPI,scpi,c9a0ec6f-2d70-4f67-967e-a535ccb988c2,hsbc-reim,HSBC REIM
bb5241aa-b9ce-407c-b7dd-6702a5b7b200,Aew Diversification Allemagne,,aew-diversification-allemagne,2022-01-01,2022-01-01,3,96,true,true,3,"0,0,0,0,0",45,false,,,,,false,2,Mon Oct 23 2023 11:22:31 GMT+0200 (heure d’été d’Europe centrale),0,SCPI,scpi,198114f3-a409-46a6-9b77-928201600ab6,test-flavien,Test · Flavien
32b1085b-ef57-4d09-b792-fca102ad01d2,Immo Placement,,immo-placement,2019-01-01,2021-01-01,3,96,true,true,1,"0,0,0,0,0",29,false,,,,,false,2,Mon Jul 31 2023 16:54:16 GMT+0200 (heure d’été d’Europe centrale),0,SCPI,scpi,d9a0ec6f-2d70-4f67-967e-a535ccb988c2,test-flavien,Test · Flavien
526f4298-7a50-4c6d-8984-0bd79b64c4bc,Immorente 2,,immorente-2,2019-01-01,2021-01-01,3,96,true,true,5,"0,0,0,0,1",1,false,,,,,false,2,Mon Jul 31 2023 16:54:11 GMT+0200 (heure d’été d’Europe centrale),0,SCPI,scpi,d9a0ec6f-2d70-4f67-967e-a535ccb988c2,test-flavien,Test · Flavien
b19d10fb-fc59-42fa-a9cc-3e12b60b988d,Sofidy Europe Invest,,sofidy-europe-invest,2021-01-01,2021-01-01,3,96,true,true,4.5,"0,0,0,1,1",2,false,,,,,false,2,Mon Jul 31 2023 16:54:11 GMT+0200 (heure d’été d’Europe centrale),0,SCPI,scpi,c9a0ec6f-2d70-4f66-967e-a535ccb988c2,bnp-paribas-reim,BNP Paribas REIM
123ee2e7-d529-4f8c-83ee-f0b4af815d01,Gestion Libre,Intencial Liberalys Vie,liberalys-gestion-libre,2017-03-23,2024-02-12,-1,96,true,false,4,"0,0,0,1,0",1,true,100,300,600,600,false,2,Mon Feb 12 2024 14:21:47 GMT+0100 (heure normale d’Europe centrale),1,Assurance vie,assurance-vie,c9a0ec6f-2d70-4f66-967e-a535ccb988c2,bnp-paribas-reim,BNP Paribas REIM
e9ed2f47-257e-4d2f-a558-c942ca49c524,Coeur De Ville,,coeur-de-ville,2019-01-01,2021-01-01,3,96,true,true,5,"0,0,0,0,0",78,false,,,,,false,2,Mon Jul 31 2023 16:54:13 GMT+0200 (heure d’été d’Europe centrale),0,SCPI,scpi,c9a0ec6f-2d70-4f67-967e-a535ccb988c2,hsbc-reim,HSBC REIM
9b2c4c4d-529d-4439-b6db-dca88cbe5f5b,Efimmo 1,,efimmo-1,2019-01-01,2021-01-01,4,92,true,false,4.5,"0,0,0,2,0",12,false,,,,,false,2,Mon Jul 31 2023 16:54:10 GMT+0200 (heure d’été d’Europe centrale),0,SCPI,scpi,d9a0ec6f-2d70-4f67-967e-a535ccb988c2,test-flavien,Test · Flavien
83b4a032-6b7b-4f5a-92ce-c83a39fb7328,Coeur D'Europe,,coeur-deurope,2021-01-01,2021-01-01,3,96,true,true,4,"0,0,0,1,0",1,false,,,,,false,2,Mon Jul 31 2023 16:54:12 GMT+0200 (heure d’été d’Europe centrale),0,SCPI,scpi,c9a0ec6f-2d70-4f66-967e-a535ccb988c2,bnp-paribas-reim,BNP Paribas REIM
a5634958-a563-4a91-ae9c-9b182a2ce731,Wemo One,,wemo-one,2024-04-22,2024-04-22,3,96,true,true,0,"0,0,0,0,0",0,false,,,,,false,2,Tue Feb 27 2024 17:40:31 GMT+0100 (heure normale d’Europe centrale),0,SCPI,scpi,d9a0ec6f-2d70-4f67-967e-a535ccb988c2,test-flavien,Test · Flavien
f045176f-2d63-4b56-8411-204b4acf8881,Novapierre Allemagne 2,,novapierre-allemagne-2,2019-01-01,2021-01-01,3,96,true,true,4.5,"0,0,0,1,1",2,false,,,,,false,2,Mon Jul 31 2023 16:54:25 GMT+0200 (heure d’été d’Europe centrale),0,SCPI,scpi,d9a0ec6f-2d70-4f67-967e-a535ccb988c2,test-flavien,Test · Flavien
97737748-7217-4d40-92d3-0bc2c026a1b8,Gma Essentialis,,gma-essentialis,2001-01-01,2001-01-01,3,96,true,true,5,"0,0,0,0,0",67,false,,,,,false,2,Mon Nov 06 2023 17:18:14 GMT+0100 (heure normale d’Europe centrale),0,SCPI,scpi,d9a0ec6f-2d70-4f67-967e-a535ccb988c2,test-flavien,Test · Flavien
356d0e93-b7d8-442c-b510-46038c48f92d,Log In,,log-in,2001-01-01,2001-01-01,3,96,true,true,4,"0,0,0,0,0",90,false,,,,,false,2,Mon Nov 06 2023 17:18:15 GMT+0100 (heure normale d’Europe centrale),0,SCPI,scpi,d9a0ec6f-2d70-4f67-967e-a535ccb988c2,test-flavien,Test · Flavien
3dfbf831-7364-480a-9224-0ffaf9657aff,Compte épargne rémunéré · mymoneybank,,compte-epargne-remunere-mymoneybank,,2023-11-07,0,24,true,false,0,"0,0,0,0,0",0,false,,,,,false,2,Tue Nov 07 2023 17:00:13 GMT+0100 (heure normale d’Europe centrale),7,Livret d'épargne,livret-d-epargne,c9a0ec6f-2d70-4f66-967e-a535ccb988c2,bnp-paribas-reim,BNP Paribas REIM
9df48696-e451-4866-91e9-3878e8913e52,Epiforêt 1,,epiforet-1,2001-01-01,2023-10-24,3,120,true,true,0,"0,0,0,0,0",0,false,,,,,false,2,Tue Oct 24 2023 12:02:25 GMT+0200 (heure d’été d’Europe centrale),4,GFI,groupement-forestier,c9a0ec6f-2d70-4f66-967e-a535ccb988c2,bnp-paribas-reim,BNP Paribas REIM
d79cb2d5-5871-43f4-b0e7-2f7186203eef,Cristal Rente,,cristal-rente,2019-01-01,2021-01-01,3,96,true,true,4,"0,0,0,0,0",56,false,,,,,false,2,Mon Jul 31 2023 16:54:22 GMT+0200 (heure d’été d’Europe centrale),0,SCPI,scpi,c9a0ec6f-2d70-4f67-967e-a535ccb988c2,hsbc-reim,HSBC REIM
05bf0a0c-b5df-448a-b041-ebf8fc67ac42,Pf Hospitalité Europe,,pf-hospitalite-europe,2021-01-01,2021-01-01,3,96,true,true,4,"0,0,0,0,0",17,false,,,,,false,2,Mon Jul 31 2023 16:54:27 GMT+0200 (heure d’été d’Europe centrale),0,SCPI,scpi,c9a0ec6f-2d70-4f67-967e-a535ccb988c2,hsbc-reim,HSBC REIM
855261f2-a067-4c61-bad5-f5d413caa79e,24 mois · Compte à terme,,24-mois-compte-a-terme-particuliers,2023-01-01,2023-11-08,2,24,true,false,0,"0,0,0,0,0",0,false,,,,,false,2,Tue Nov 07 2023 15:56:58 GMT+0100 (heure normale d’Europe centrale),6,Compte à terme,compte-a-terme,c9a0ec6f-2d70-4f66-967e-a535ccb988c2,bnp-paribas-reim,BNP Paribas REIM
feacf3f1-5a34-4997-a1d3-4aa47389d64a,France Valley Foncière Champenoise,,france-valley-fonciere-champenoise,2001-01-01,2023-10-24,3,144,true,true,0,"0,0,0,0,0",0,false,,,,,false,2,Tue Oct 24 2023 12:02:26 GMT+0200 (heure d’été d’Europe centrale),4,GFI,groupement-forestier,c9a0ec6f-2d70-4f66-967e-a535ccb988c2,bnp-paribas-reim,BNP Paribas REIM
e9ad6a2f-0ab8-40a0-8dee-1be363761d4f,France Valley Forêts IX,,france-valley-forets-ix,2001-01-01,2023-10-24,3,120,true,true,0,"0,0,0,0,0",0,false,,,,,false,2,Tue Oct 24 2023 12:02:26 GMT+0200 (heure d’été d’Europe centrale),4,GFI,groupement-forestier,c9a0ec6f-2d70-4f66-967e-a535ccb988c2,bnp-paribas-reim,BNP Paribas REIM
d3afb594-2733-4b17-8fac-61ef7a1c5de0,Novapierre Allemagne,,novapierre-allemagne,2019-01-01,2021-01-01,3,96,true,true,3,"0,0,0,0,0",67,false,,,,,false,2,Mon Jul 31 2023 16:54:25 GMT+0200 (heure d’été d’Europe centrale),0,SCPI,scpi,c9a0ec6f-2d70-4f66-967e-a535ccb988c2,bnp-paribas-reim,BNP Paribas REIM
e517fe25-16a7-4c21-bafc-b52be807809f,Coeur D'Avenir,,coeur-davenir,2023-09-01,2023-09-30,3,8,true,true,3,"0,0,0,0,0",74,false,,,,,false,2,Mon Jan 15 2024 10:08:45 GMT+0100 (heure normale d’Europe centrale),0,SCPI,scpi,bb445320-78f3-4f18-88a3-0f6f7387ea24,alderan,Alderan
d87f2825-313d-4407-9b69-c6e338c1d100,Liberalys Vie · Prudent,,liberalys-vie-prudent,2017-03-23,2024-02-12,7,96,true,false,5,"0,0,0,0,0",6,true,100,300,600,600,false,2,Mon Feb 12 2024 14:21:47 GMT+0100 (heure normale d’Europe centrale),1,Assurance vie,assurance-vie,c9a0ec6f-2d70-4f66-967e-a535ccb988c2,bnp-paribas-reim,BNP Paribas REIM
4bb108e3-5e96-4bb1-84ff-698ece934bb1,Profil Essentiel,<p>Alphacap</p>,alphacap-profil-essentiel,2023-12-31,2024-05-01,7,60,true,true,0,"0,0,0,0,0",0,true,500,1500,3000,6000,false,2,Mon Oct 23 2023 11:22:29 GMT+0200 (heure d’été d’Europe centrale),8,Cryptomonnaie,cryptomonnaie,198114f3-a409-46a6-9b77-928201600ab6,test-flavien,Test · Flavien
dc3eec18-6adb-4902-b07e-df1f707e64e3,Iroko Zen,Salut test,iroko-zen,2020-01-01,2023-02-01,3,96,true,true,5,"0,0,0,0,2",2,false,,,,,false,2,Mon Jul 31 2023 16:54:23 GMT+0200 (heure d’été d’Europe centrale),0,SCPI,scpi,c9a0ec6f-2d70-4f66-967e-a535ccb988c2,bnp-paribas-reim,BNP Paribas REIM
cb653711-f514-4320-9dff-9486b4329bfb,France Valley Revenu Europe,,france-valley-revenu-europe,2001-01-01,2023-10-24,3,992,true,true,0,"0,0,0,0,0",0,false,,,,,false,2,Tue Oct 24 2023 12:02:26 GMT+0200 (heure d’été d’Europe centrale),4,GFI,groupement-forestier,c9a0ec6f-2d70-4f66-967e-a535ccb988c2,bnp-paribas-reim,BNP Paribas REIM
0accd300-0acc-46c2-aa01-607be5a3eb42,Edmond de Rothschild Europa · Parts sponsors,,edmond-de-rothschild-europa,2024-04-07,2024-04-07,3,120,false,false,0,"0,0,0,0,0",0,false,,,,,false,2,Mon Oct 23 2023 11:22:29 GMT+0200 (heure d’été d’Europe centrale),0,SCPI,scpi,198114f3-a409-46a6-9b77-928201600ab6,test-flavien,Test · Flavien
de6375a9-d9d7-4bb7-9f95-c48168312eba,Linxea-PER,,linxea-per,2001-01-01,2023-08-03,3,96,true,false,5,"0,0,0,0,0",70,false,,,,,false,0,Thu Aug 03 2023 09:55:37 GMT+0200 (heure d’été d’Europe centrale),5,Plan d'épargne retraite,plan-d-epargne-retraite,e9a0ec6f-2d70-4f67-967e-a535ccb988c2,atland-voisin,MyMoneyBank
10ab2947-2c22-4788-a349-1f98a3c133f4,Buroboutic,,buroboutic,2019-01-01,2021-01-01,3,96,true,true,5,"0,0,0,0,1",1,true,267,267,267,267,false,2,Mon Jul 31 2023 16:54:19 GMT+0200 (heure d’été d’Europe centrale),0,SCPI,scpi,c9a0ec6f-2d70-4f67-967e-a535ccb988c2,hsbc-reim,HSBC REIM
c6e32825-313d-4407-9b69-c6e338c1d100,Liberalys Vie · Dynamique,Intencial Liberalys Vie,liberalys-vie-dynamique,2017-03-23,2024-02-12,7,96,true,false,5,"0,0,0,0,0",6,true,100,300,600,600,false,2,Mon Feb 12 2024 14:21:47 GMT+0100 (heure normale d’Europe centrale),1,Assurance vie,assurance-vie,c9a0ec6f-2d70-4f66-967e-a535ccb988c2,bnp-paribas-reim,BNP Paribas REIM
0c2a81c5-4c15-450f-a659-00236ae2f71e,Novaxia Neo,,novaxia-neo,2019-01-01,2021-01-01,3,96,true,true,4,"0,0,0,0,0",43,false,,,,,false,2,Mon Jul 31 2023 16:54:23 GMT+0200 (heure d’été d’Europe centrale),0,SCPI,scpi,c9a0ec6f-2d70-4f66-967e-a535ccb988c2,bnp-paribas-reim,BNP Paribas REIM
313d2825-313d-4407-9b69-c6e338c1d100,Liberalys Vie · Équilibré,,liberalys-vie-equilibre,2017-03-23,2024-02-12,7,96,true,false,5,"0,0,0,0,0",6,true,100,300,600,600,false,2,Mon Feb 12 2024 14:21:47 GMT+0100 (heure normale d’Europe centrale),1,Assurance vie,assurance-vie,c9a0ec6f-2d70-4f66-967e-a535ccb988c2,bnp-paribas-reim,BNP Paribas REIM
9b692825-313d-4407-9b69-c6e338c1d100,Liberalys Vie · Ambitieux,Voici le sous titre du produit Libralys Vie,liberalys-vie-ambitieux,2017-03-23,2024-02-12,7,96,true,false,5,"0,0,0,0,0",6,true,100,300,600,600,false,2,Mon Feb 12 2024 14:21:47 GMT+0100 (heure normale d’Europe centrale),1,Assurance vie,assurance-vie,c9a0ec6f-2d70-4f66-967e-a535ccb988c2,bnp-paribas-reim,BNP Paribas REIM
b068a46e-3ba8-44a7-9f5e-3ffd88822a43,Altixia Cadence Xii,,altixia-cadence-xii,2019-01-01,2021-01-01,3,96,true,true,5,"0,0,0,0,1",1,false,,,,,false,2,Mon Jul 31 2023 16:54:15 GMT+0200 (heure d’été d’Europe centrale),0,SCPI,scpi,c9a0ec6f-2d70-4f67-967e-a535ccb988c2,hsbc-reim,HSBC REIM
e901fcc9-070b-4b1c-be80-e466f6cf077d,Remake Live,,remake-live,2001-01-01,2001-01-01,3,96,true,true,5,"0,0,0,0,2",2,true,204,204,,204,false,2,Mon Jul 31 2023 16:54:13 GMT+0200 (heure d’été d’Europe centrale),0,SCPI,scpi,c9a0ec6f-2d70-4f66-967e-a535ccb988c2,bnp-paribas-reim,BNP Paribas REIM
a0802a12-045c-4fbc-935e-5207d68beef7,Aestiam Cap'Hebergimmo,,aestiam-caphebergimmo,2019-01-01,2021-01-01,3,96,true,true,5,"0,0,0,0,1",1,true,50,,50,50,false,2,Mon Jul 31 2023 16:54:14 GMT+0200 (heure d’été d’Europe centrale),0,SCPI,scpi,c9a0ec6f-2d70-4f67-967e-a535ccb988c2,hsbc-reim,HSBC REIM
2170b851-6fc4-4722-9d8e-73a36383bc39,Alta Convictions,,alta-convictions,2023-09-01,2023-12-31,3,108,true,false,0,"0,0,0,0,0",0,true,300,300,300,300,false,2,Mon Apr 29 2024 15:10:33 GMT+0200 (heure d’été d’Europe centrale),0,SCPI,scpi,d9a0ec6f-2d70-4f67-967e-a535ccb988c2,test-flavien,Test · Flavien
1b34bfae-8cfe-445a-a51c-2ccbe82aff90,Foncière Remusat,,fonciere-remusat,2019-01-01,2021-01-01,3,96,true,true,5,"0,0,0,0,0",93,false,,,,,false,2,Mon Jul 31 2023 16:54:17 GMT+0200 (heure d’été d’Europe centrale),0,SCPI,scpi,d9a0ec6f-2d70-4f67-967e-a535ccb988c2,test-flavien,Test · Flavien
5b632abe-faf0-4a41-9432-4c5b35305822,Sofidy Pierre Europe,,sofidy-pierre-europe,2001-01-01,2023-11-13,2,8,true,true,1,"0,0,0,0,0",41,false,,,,,false,2,Mon Nov 13 2023 17:44:25 GMT+0100 (heure normale d’Europe centrale),2,OPCI,opci,c9a0ec6f-2d70-4f66-967e-a535ccb988c2,bnp-paribas-reim,BNP Paribas REIM
47223307-0416-491e-9d53-bf50918bee2e,Altixia Commerces,,altixia-commerces,2019-01-01,2021-01-01,3,96,true,true,5,"0,0,0,0,0",82,false,,,,,false,2,Mon Jul 31 2023 16:54:16 GMT+0200 (heure d’été d’Europe centrale),0,SCPI,scpi,c9a0ec6f-2d70-4f67-967e-a535ccb988c2,hsbc-reim,HSBC REIM
6072da1a-9ea1-44d8-bddd-457d59fcf38e,Ficommerce Europe,,ficommerce-europe,2019-01-01,2021-01-01,2,89,true,true,4,"0,0,0,0,0",51,false,,,,,false,2,Mon Jul 31 2023 16:54:19 GMT+0200 (heure d’été d’Europe centrale),0,SCPI,scpi,c9a0ec6f-2d70-4f67-967e-a535ccb988c2,hsbc-reim,HSBC REIM
a5063e0d-a9bb-486c-8826-dd1fe535780a,Cristal Life,,cristal-life,2021-01-01,2021-01-01,3,96,true,true,3,"0,0,0,0,0",25,true,25,75,150,300,false,2,Mon Jul 31 2023 16:54:21 GMT+0200 (heure d’été d’Europe centrale),0,SCPI,scpi,d9a0ec6f-2d70-4f67-967e-a535ccb988c2,test-flavien,Test · Flavien
067befc4-cb5b-466a-b793-7853411aead9,Elysées Pierre,,elysees-pierre,2019-01-01,2021-01-01,3,96,true,true,4,"0,0,0,0,0",4,false,,,,,false,2,Mon Jul 31 2023 16:54:09 GMT+0200 (heure d’été d’Europe centrale),0,SCPI,scpi,e9a0ec6f-2d70-4f67-967e-a535ccb988c2,atland-voisin,MyMoneyBank
65a19301-4c27-4bcb-84be-706fdcb04802,Aew Commerces Europe,,aew-commerces-europe,2020-01-01,2022-01-01,3,96,true,true,2,"0,0,0,0,0",77,false,,,,,false,2,Mon Oct 23 2023 11:22:30 GMT+0200 (heure d’été d’Europe centrale),0,SCPI,scpi,198114f3-a409-46a6-9b77-928201600ab6,test-flavien,Test · Flavien
3ba1a7d1-9f4e-4dd9-89d0-cfb501cc9fec,Pierre Expansion Santé,,pierre-expansion-sante,2019-01-01,2021-01-01,3,96,false,true,2.5,"0,0,0,0,1",2,false,,,,,false,2,Mon Jul 31 2023 16:54:20 GMT+0200 (heure d’été d’Europe centrale),0,SCPI,scpi,d9a0ec6f-2d70-4f67-967e-a535ccb988c2,test-flavien,Test · Flavien
76020664-8c0e-4310-809d-4ebc0501ff75,Osmo Énergie,,osmo-energie,2024-03-21,2024-03-21,3,96,true,true,2,"0,0,0,0,0",2,false,,,,,false,2,Thu Mar 21 2024 16:58:25 GMT+0100 (heure normale d’Europe centrale),0,SCPI,scpi,bb445320-78f3-4f18-88a3-0f6f7387ea24,alderan,Alderan
be907c6d-bc29-4a9c-95af-74da2245bf17,Aestiam Pierre Rendement,,aestiam-pierre-rendement,2019-01-01,2021-01-01,3,76,true,true,1,"0,0,0,0,0",8,true,22,222,12,762,false,2,Mon Jul 31 2023 16:54:14 GMT+0200 (heure d’été d’Europe centrale),0,SCPI,scpi,c9a0ec6f-2d70-4f67-967e-a535ccb988c2,hsbc-reim,HSBC REIM
ea146f47-ac7f-4ca7-b9dc-d3ca75197f72,CœurForest,,courforest,2001-01-01,2023-07-31,3,120,true,true,0,"0,0,0,0,0",0,false,,,,,false,2,Mon Jul 31 2023 16:54:59 GMT+0200 (heure d’été d’Europe centrale),4,GFI,groupement-forestier,e9a0ec6f-2d70-4f67-967e-a535ccb988c2,atland-voisin,MyMoneyBank
3bd48adb-3a11-4067-ae77-acef2d5b7b6b,Coeur De Régions,,coeur-de-regions,2019-01-01,2021-01-01,3,96,true,true,4.1,"0,0,1,1,2",4,false,,,,,false,2,Mon Jul 31 2023 16:54:12 GMT+0200 (heure d’été d’Europe centrale),0,SCPI,scpi,d9a0ec6f-2d70-4f67-967e-a535ccb988c2,test-flavien,Test · Flavien
920c3db3-1c5a-4c1a-bd35-2278bad51a91,Pf Grand Paris,,pf-grand-paris,2019-01-01,2021-01-01,3,96,true,true,5,"0,0,0,0,1",1,true,544,544,544,544,false,2,Mon Jul 31 2023 16:54:26 GMT+0200 (heure d’été d’Europe centrale),0,SCPI,scpi,d9a0ec6f-2d70-4f67-967e-a535ccb988c2,test-flavien,Test · Flavien
c8eb4958-a563-4a91-ae9c-9b182a2ce731,Sofidynamic,,sofidynamic,2001-01-01,2001-01-01,3,8,true,true,3,"0,0,0,0,0",96,true,294,294,294,,false,2,Tue Feb 27 2024 17:40:31 GMT+0100 (heure normale d’Europe centrale),0,SCPI,scpi,d9a0ec6f-2d70-4f67-967e-a535ccb988c2,test-flavien,Test · Flavien
0024d334-090c-40a8-99a9-d7ad356f9771,Logipierre 3,,logipierre-3,2019-01-01,2021-01-01,3,96,true,true,5,"0,0,0,0,2",2,false,,,,,false,2,Mon Jul 31 2023 16:54:20 GMT+0200 (heure d’été d’Europe centrale),0,SCPI,scpi,e9a0ec6f-2d70-4f67-967e-a535ccb988c2,atland-voisin,MyMoneyBank
8b1bb429-441c-4e75-b970-a7a2b1cffbd7,Aestiam Placement Pierre,,aestiam-placement-pierre,2019-01-01,2021-01-02,2,94,true,true,5,"0,0,0,0,0",33,true,2,2,2,2,false,2,Mon Jul 31 2023 16:54:14 GMT+0200 (heure d’été d’Europe centrale),0,SCPI,scpi,c9a0ec6f-2d70-4f67-967e-a535ccb988c2,hsbc-reim,HSBC REIM
e9153e43-5d73-4f28-b586-f159aaeebabd,Transitions Europe,,transitions-europe,2023-10-05,2001-01-01,3,8,true,true,4.7,"0,0,0,1,2",3,true,100,300,600,,false,2,Fri Nov 10 2023 17:09:28 GMT+0100 (heure normale d’Europe centrale),0,SCPI,scpi,198114f3-a409-46a6-9b77-928201600ab6,test-flavien,Test · Flavien
cbd753f5-0342-4b64-9841-d0a24e6d96c9,Comète,,comete,2001-01-01,2001-01-01,3,8,true,true,5,"0,0,0,0,1",1,true,50,50,50,50,false,2,Mon Dec 18 2023 11:29:59 GMT+0100 (heure normale d’Europe centrale),0,SCPI,scpi,bb445320-78f3-4f18-88a3-0f6f7387ea24,alderan,Alderan
009f4a66-9a6c-4795-88a1-86925360e556,Himalia · Monétaire,,himalia-monetaire,2017-03-23,2024-03-20,1,96,true,false,1,"0,0,0,0,0",47,false,,,,,false,2,Wed Mar 20 2024 18:01:49 GMT+0100 (heure normale d’Europe centrale),1,Assurance vie,assurance-vie,c9a0ec6f-2d70-4f66-967e-a535ccb988c2,bnp-paribas-reim,BNP Paribas REIM
9f7d4e4a-86bc-499f-a38d-9411034e7be3,Forecial,,forecial,2001-01-01,2023-10-24,6,120,true,true,0,"0,0,0,0,0",0,false,,,,,false,2,Tue Oct 24 2023 12:02:25 GMT+0200 (heure d’été d’Europe centrale),4,GFI,groupement-forestier,c9a0ec6f-2d70-4f66-967e-a535ccb988c2,bnp-paribas-reim,BNP Paribas REIM
df5ceea5-4013-4e1f-9f7f-f8fea60931eb,France Valley Patrimoine,,france-valley-patrimoine,2001-01-01,2023-10-24,3,120,true,true,0,"0,0,0,0,0",0,false,,,,,false,2,Tue Oct 24 2023 12:02:26 GMT+0200 (heure d’été d’Europe centrale),4,GFI,groupement-forestier,c9a0ec6f-2d70-4f66-967e-a535ccb988c2,bnp-paribas-reim,BNP Paribas REIM
e05bd78a-8e76-454b-8070-93e6f19af81f,Laffitte Pierre,,laffitte-pierre,2020-01-01,2022-01-01,3,96,true,true,1,"0,0,0,0,0",88,false,,,,,false,2,Mon Oct 23 2023 11:22:29 GMT+0200 (heure d’été d’Europe centrale),0,SCPI,scpi,198114f3-a409-46a6-9b77-928201600ab6,test-flavien,Test · Flavien
84ff08e3-5e96-4bb1-84ff-698ece934bb1,Profil Avenir,Alphacap,alphacap-profil-avenir,2023-12-31,2024-05-01,7,60,true,true,5,"0,0,0,0,1",1,true,500,1500,3000,6000,false,2,Mon Oct 23 2023 11:22:29 GMT+0200 (heure d’été d’Europe centrale),8,Cryptomonnaie,cryptomonnaie,198114f3-a409-46a6-9b77-928201600ab6,test-flavien,Test · Flavien
3f760e58-c1ff-4d28-8a6a-fbd00a4867d5,France Valley Foncière Europe,,france-valley-fonciere-europe,2001-01-01,2023-10-24,3,120,true,true,0,"0,0,0,0,0",0,false,,,,,false,2,Tue Oct 24 2023 12:02:26 GMT+0200 (heure d’été d’Europe centrale),4,GFI,groupement-forestier,c9a0ec6f-2d70-4f66-967e-a535ccb988c2,bnp-paribas-reim,BNP Paribas REIM
baf66cc0-b076-4a2e-a24d-fe07d6f56255,Primovie,,primovie,2020-01-01,2022-01-01,3,96,true,true,4,"0,0,0,0,0",91,false,,,,,false,2,Mon Oct 23 2023 11:22:33 GMT+0200 (heure d’été d’Europe centrale),0,SCPI,scpi,198114f3-a409-46a6-9b77-928201600ab6,test-flavien,Test · Flavien
d944d5a3-d1b7-4114-ad78-89075e9bee87,Foncière Des Praticiens,,fonciere-des-praticiens,2020-01-01,2022-01-01,3,96,true,true,2,"0,0,0,0,0",47,false,,,,,false,2,Mon Oct 23 2023 11:22:33 GMT+0200 (heure d’été d’Europe centrale),0,SCPI,scpi,198114f3-a409-46a6-9b77-928201600ab6,test-flavien,Test · Flavien
c1d10025-313d-4407-9b69-c6e338c1d100,Liberalys Vie · Fonds euros,,liberalys-vie-fonds-euros,2017-03-23,2024-02-12,1,96,true,false,5,"0,0,0,0,0",6,true,100,300,600,600,false,2,Mon Feb 12 2024 14:21:47 GMT+0100 (heure normale d’Europe centrale),1,Assurance vie,assurance-vie,c9a0ec6f-2d70-4f66-967e-a535ccb988c2,bnp-paribas-reim,BNP Paribas REIM
0d616344-0dd5-4b45-bf0d-0cfb4c44eed3,Patrimmo Commerce,,patrimmo-commerce,2020-01-01,2022-01-01,3,96,true,true,1,"0,0,0,0,0",96,true,176,176,176,176,false,2,Mon Oct 23 2023 11:22:34 GMT+0200 (heure d’été d’Europe centrale),0,SCPI,scpi,198114f3-a409-46a6-9b77-928201600ab6,test-flavien,Test · Flavien
ca6564d5-3252-4291-85cf-e72889d0b3d8,Amundi Investissement Forestier,,amundi-investissement-forestier,2001-01-01,2023-10-24,2,120,true,true,0,"0,0,0,0,0",0,false,,,,,false,2,Tue Oct 24 2023 12:02:25 GMT+0200 (heure d’été d’Europe centrale),4,GFI,groupement-forestier,c9a0ec6f-2d70-4f66-967e-a535ccb988c2,bnp-paribas-reim,BNP Paribas REIM
fb78bfa1-2138-42c4-8e86-c54fe370513c,Primofamily,,primofamily,2020-01-01,2022-01-01,3,96,true,true,1,"0,0,0,0,0",68,true,204,204,204,204,false,2,Mon Oct 23 2023 11:22:34 GMT+0200 (heure d’été d’Europe centrale),0,SCPI,scpi,198114f3-a409-46a6-9b77-928201600ab6,test-flavien,Test · Flavien
21faac1d-2e1f-480e-8a9e-257ace6b6ead,24 mois · Compte à terme,,24-mois-compte-a-terme-entreprises,2023-01-01,2023-11-07,0,24,false,true,0,"0,0,0,0,0",0,false,,,,,false,2,Tue Nov 07 2023 15:56:59 GMT+0100 (heure normale d’Europe centrale),6,Compte à terme,compte-a-terme,c9a0ec6f-2d70-4f66-967e-a535ccb988c2,bnp-paribas-reim,BNP Paribas REIM
0428058f-fdce-4309-94fa-d094238e3c36,Primopierre,,primopierre,2020-01-01,2022-01-01,3,96,true,true,3,"0,0,0,0,0",61,false,,,,,false,2,Mon Oct 23 2023 11:22:33 GMT+0200 (heure d’été d’Europe centrale),0,SCPI,scpi,198114f3-a409-46a6-9b77-928201600ab6,test-flavien,Test · Flavien
78c97a94-92c2-4513-a55c-9b21b9734e29,36 mois · Compte à terme,,36-mois-compte-a-terme-particuliers,2023-01-01,2023-11-07,0,36,true,false,0,"0,0,0,0,0",0,false,,,,,false,2,Tue Nov 07 2023 15:56:58 GMT+0100 (heure normale d’Europe centrale),6,Compte à terme,compte-a-terme,c9a0ec6f-2d70-4f66-967e-a535ccb988c2,bnp-paribas-reim,BNP Paribas REIM
8ac9d0ee-c30a-4a86-abe9-fea2402b16e7,12 mois · Compte à terme,,12-mois-compte-a-terme-particuliers,2023-01-01,2023-11-07,0,12,true,false,0,"0,0,0,0,0",0,false,,,,,false,2,Tue Nov 07 2023 15:56:58 GMT+0100 (heure normale d’Europe centrale),6,Compte à terme,compte-a-terme,c9a0ec6f-2d70-4f66-967e-a535ccb988c2,bnp-paribas-reim,BNP Paribas REIM
0d80fe09-dafd-46bc-8a4e-98d0b5edbc01,Activimmo,,activimmo,2019-01-01,2021-01-08,7,89,true,true,4.5,"0,0,0,1,1",2,true,620,620,620,620,false,2,Mon Jul 31 2023 16:54:15 GMT+0200 (heure d’été d’Europe centrale),0,SCPI,scpi,c9a0ec6f-2d70-4f66-967e-a535ccb988c2,bnp-paribas-reim,BNP Paribas REIM
6513e450-4cc6-4650-a984-54c8e4142adc,Interpierre France,,interpierre-france,2019-01-01,2021-01-01,3,96,true,true,4,"0,0,0,1,0",1,false,,,,,false,2,Mon Jul 31 2023 16:54:24 GMT+0200 (heure d’été d’Europe centrale),0,SCPI,scpi,d9a0ec6f-2d70-4f67-967e-a535ccb988c2,test-flavien,Test · Flavien
0b75fc30-3bfb-48c7-b1b0-453dee3c8767,6 mois · Compte à terme,,6-mois-compte-a-terme-entreprises,2023-01-01,2023-11-07,0,6,false,true,0,"0,0,0,0,0",0,false,,,,,false,2,Tue Nov 07 2023 15:56:58 GMT+0100 (heure normale d’Europe centrale),6,Compte à terme,compte-a-terme,c9a0ec6f-2d70-4f66-967e-a535ccb988c2,bnp-paribas-reim,BNP Paribas REIM
cb6e113b-2e6d-4f50-b13b-357a5c009894,Pierval Santé,,pierval-sante,2019-01-01,2021-01-01,3,96,true,true,5,"0,0,0,0,1",1,true,204,204,204,204,false,2,Mon Jul 31 2023 16:54:18 GMT+0200 (heure d’été d’Europe centrale),0,SCPI,scpi,c9a0ec6f-2d70-4f66-967e-a535ccb988c2,bnp-paribas-reim,BNP Paribas REIM
46651896-e4c0-4665-9a64-486bc6e8d43d,Himalia · Private Equity,Himalia,himalia-private-equity,2017-03-23,2024-03-20,1,96,true,false,1,"0,0,0,0,0",47,false,,,,,false,2,Wed Mar 20 2024 18:01:49 GMT+0100 (heure normale d’Europe centrale),1,Assurance vie,assurance-vie,c9a0ec6f-2d70-4f66-967e-a535ccb988c2,bnp-paribas-reim,BNP Paribas REIM
a0f812d6-817f-4b21-95ca-6c4ad04a2f1b,Novapierre 1,,novapierre-1,2019-01-01,2021-01-01,3,96,true,true,3.5,"0,0,0,2,0",2,false,,,,,false,2,Mon Jul 31 2023 16:54:25 GMT+0200 (heure d’été d’Europe centrale),0,SCPI,scpi,e9a0ec6f-2d70-4f67-967e-a535ccb988c2,atland-voisin,MyMoneyBank
28ebe334-f0e0-4336-8a65-1c29780cb5b1,Novapierre Résidentiel,,novapierre-residentiel,2019-01-01,2021-01-01,3,96,true,true,5,"0,0,0,0,0",14,false,,,,,false,2,Mon Jul 31 2023 16:54:26 GMT+0200 (heure d’été d’Europe centrale),0,SCPI,scpi,c9a0ec6f-2d70-4f66-967e-a535ccb988c2,bnp-paribas-reim,BNP Paribas REIM
66472383-449e-4199-924c-09af7266dc74,Interpierre Europe Centrale,,interpierre-europe-centrale,2020-01-01,2021-01-01,3,96,true,true,5,"0,0,0,0,1",1,false,,,,,false,2,Mon Jul 31 2023 16:54:24 GMT+0200 (heure d’été d’Europe centrale),0,SCPI,scpi,d9a0ec6f-2d70-4f67-967e-a535ccb988c2,test-flavien,Test · Flavien
7b1cae65-c18a-44a0-b246-e00f87d83419,Grand Paris Résidentiels,,grand-paris-residentiels,2021-01-01,2021-01-01,3,96,true,true,2,"0,0,0,0,0",20,false,,,,,false,2,Mon Jul 31 2023 16:54:22 GMT+0200 (heure d’été d’Europe centrale),0,SCPI,scpi,c9a0ec6f-2d70-4f66-967e-a535ccb988c2,bnp-paribas-reim,BNP Paribas REIM
19685bd3-d7db-4a7a-92c6-096cac710b30,Pfo,,pfo,2019-01-01,2021-01-01,3,96,true,true,4,"0,0,0,1,0",1,false,,,,,false,2,Mon Jul 31 2023 16:54:27 GMT+0200 (heure d’été d’Europe centrale),0,SCPI,scpi,c9a0ec6f-2d70-4f66-967e-a535ccb988c2,bnp-paribas-reim,BNP Paribas REIM
1b688139-151f-4765-bca1-b4d489bfa26b,Pfo2,,pfo2,2019-01-01,2021-01-01,3,96,true,true,1,"0,0,0,0,0",8,false,,,,,false,2,Mon Jul 31 2023 16:54:27 GMT+0200 (heure d’été d’Europe centrale),0,SCPI,scpi,c9a0ec6f-2d70-4f66-967e-a535ccb988c2,bnp-paribas-reim,BNP Paribas REIM
8fa7019c-0ffb-4a24-b160-ae0f0db1cf49,12 mois · Compte à terme,,12-mois-compte-a-terme-entreprises,2023-01-01,2023-11-07,2,12,false,true,0,"0,0,0,0,0",0,false,,,,,false,2,Tue Nov 07 2023 15:56:59 GMT+0100 (heure normale d’Europe centrale),6,Compte à terme,compte-a-terme,c9a0ec6f-2d70-4f66-967e-a535ccb988c2,bnp-paribas-reim,BNP Paribas REIM
4ffb8b93-0ada-4614-9939-d61728b9d6f3,Sofiprime,,sofiprime,2019-01-01,2021-01-01,3,96,true,true,5,"0,0,0,0,1",1,false,,,,,false,2,Mon Jul 31 2023 16:54:12 GMT+0200 (heure d’été d’Europe centrale),0,SCPI,scpi,e9a0ec6f-2d70-4f67-967e-a535ccb988c2,atland-voisin,MyMoneyBank
d39ee2e7-d529-4f8c-83ee-f0b4af815d01,Liberalys Viee,,liberalys-viee,2017-03-23,2024-03-20,7,96,true,true,3,"0,0,0,0,0",76,false,,,,,false,0,Wed Mar 20 2024 17:52:35 GMT+0100 (heure normale d’Europe centrale),1,Assurance vie,assurance-vie,c9a0ec6f-2d70-4f66-967e-a535ccb988c2,bnp-paribas-reim,BNP Paribas REIM
75677721-bcec-42e0-b58d-e252250373ec,Cap Foncières & Territoires,,cap-foncieres-and-territoires,2019-01-01,2021-01-01,3,96,true,true,5,"0,0,0,0,0",25,false,,,,,false,2,Mon Jul 31 2023 16:54:09 GMT+0200 (heure d’été d’Europe centrale),0,SCPI,scpi,c9a0ec6f-2d70-4f66-967e-a535ccb988c2,bnp-paribas-reim,BNP Paribas REIM
e4c01896-e4c0-4665-9a64-486bc6e89a64,Gestion libre,Himalia,himalia-gestion-libre,2017-03-23,2024-03-20,-1,96,true,false,1,"0,0,0,0,0",47,false,,,,,true,2,Wed Mar 20 2024 18:01:49 GMT+0100 (heure normale d’Europe centrale),1,Assurance vie,assurance-vie,c9a0ec6f-2d70-4f66-967e-a535ccb988c2,bnp-paribas-reim,BNP Paribas REIM
30ec2031-b71b-49db-8204-b7a9a1d2d076,Esg Pierre Capitale,,esg-pierre-capitale,2020-01-01,2022-01-01,3,96,true,true,1,"0,0,0,0,0",90,false,,,,,false,0,Mon Oct 23 2023 11:22:34 GMT+0200 (heure d’été d’Europe centrale),0,SCPI,scpi,198114f3-a409-46a6-9b77-928201600ab6,test-flavien,Test · Flavien
4a914958-a563-4a91-ae9c-9b182a2ce731,Mistral Sélection,,mistral-selection,2024-04-22,2024-04-22,3,120,true,true,3,"0,0,1,0,0",1,true,180,180,,,false,2,Tue Feb 27 2024 17:40:31 GMT+0100 (heure normale d’Europe centrale),0,SCPI,scpi,d9a0ec6f-2d70-4f67-967e-a535ccb988c2,test-flavien,Test · Flavien
5e9608e3-5e96-4bb1-84ff-698ece934bb1,Profil Dynamique,Alphacap,alphacap-profil-dynamique,2023-12-31,2024-05-01,7,60,true,true,0,"0,0,0,0,0",0,true,500,1500,3000,6000,false,2,Mon Oct 23 2023 11:22:29 GMT+0200 (heure d’été d’Europe centrale),8,Cryptomonnaie,cryptomonnaie,198114f3-a409-46a6-9b77-928201600ab6,test-flavien,Test · Flavien
5ded0665-7ef0-4f7c-ac10-520f64a55605,Edissimmo,,edissimmo,2020-01-01,2022-01-01,3,96,true,true,5,"0,0,0,0,0",47,false,,,,,false,0,Mon Oct 23 2023 11:22:31 GMT+0200 (heure d’été d’Europe centrale),0,SCPI,scpi,198114f3-a409-46a6-9b77-928201600ab6,test-flavien,Test · Flavien
f57856a9-5928-4d6b-bc55-275870a994d5,Kyaneos Pierre,,kyaneos-pierre,2020-01-01,2022-01-01,3,96,true,true,1,"0,0,0,0,0",10,false,,,,,false,2,Mon Oct 23 2023 11:22:35 GMT+0200 (heure d’été d’Europe centrale),0,SCPI,scpi,198114f3-a409-46a6-9b77-928201600ab6,test-flavien,Test · Flavien
169e44ac-cf97-4f45-b644-06a1c60367f8,Selectipierre 2,,selectipierre-2,2019-01-01,2021-01-01,3,96,true,true,5,"0,0,0,0,0",15,false,,,,,false,2,Mon Jul 31 2023 16:54:21 GMT+0200 (heure d’été d’Europe centrale),0,SCPI,scpi,e9a0ec6f-2d70-4f67-967e-a535ccb988c2,atland-voisin,MyMoneyBank
9a6c4a66-9a6c-4795-88a1-86925360e556,Himalia · Immobilier,,himalia-immobilier,2017-03-23,2024-03-20,1,96,true,false,1,"0,0,0,0,0",47,false,,,,,false,2,Wed Mar 20 2024 18:01:49 GMT+0100 (heure normale d’Europe centrale),1,Assurance vie,assurance-vie,c9a0ec6f-2d70-4f66-967e-a535ccb988c2,bnp-paribas-reim,BNP Paribas REIM
dd31bfbd-3ca0-4440-965a-347b4c30b5de,Immo Evolutif,,immo-evolutif,2020-01-01,2022-01-01,3,96,true,true,5,"0,0,0,0,0",63,false,,,,,false,2,Mon Oct 23 2023 11:22:30 GMT+0200 (heure d’été d’Europe centrale),0,SCPI,scpi,198114f3-a409-46a6-9b77-928201600ab6,test-flavien,Test · Flavien
bba5d495-0f94-46c1-b41f-a5afa636d915,Epsilon 360,,epsilon-360,2021-01-01,2022-01-01,3,96,true,true,2,"0,0,0,0,0",64,false,,,,,false,2,Mon Oct 23 2023 11:22:32 GMT+0200 (heure d’été d’Europe centrale),0,SCPI,scpi,198114f3-a409-46a6-9b77-928201600ab6,test-flavien,Test · Flavien
c4671831-6e9f-4fc4-bf94-b0a2eb0a4903,Optimale,,optimale,2020-01-01,2022-01-01,3,96,true,true,2,"0,0,0,0,0",15,true,100,100,100,100,false,2,Mon Oct 23 2023 11:22:32 GMT+0200 (heure d’été d’Europe centrale),0,SCPI,scpi,198114f3-a409-46a6-9b77-928201600ab6,test-flavien,Test · Flavien
84b7d300-0acc-46c2-aa01-607be5a3eb42,Fructirégions Europe,,fructiregions-europe,2020-01-01,2022-01-01,3,96,true,true,2,"0,0,0,0,0",18,false,,,,,false,0,Mon Oct 23 2023 11:22:29 GMT+0200 (heure d’été d’Europe centrale),0,SCPI,scpi,198114f3-a409-46a6-9b77-928201600ab6,test-flavien,Test · Flavien